BOOK_ID,BOOK_TITLE,PROTAGONIST,DATE_PUBLISHED,AVG_RATING,REVIEW_COUNT,MAIN_PROTAGONIST
22232,"Stargirl (Stargirl, #1)",M,2002.0,3.75,1358,Susan "Stargirl" Caraway
22628,The Perks of Being a Wallflower,M,1999.0,4.21,6611,Charlie Kelmeckis
24770,"Uglies (Uglies, #1)",F,2005.0,3.86,3034,Tally Youngblood
28187,"The Lightning Thief (Percy Jackson and the Olympians, #1)",M,2006.0,4.23,5868,Percy Jackson
38709,"Holes (Holes, #1)",M,2000.0,3.93,1436,Stanley Yelnats IV
41865,"Twilight (Twilight, #1)",F,2006.0,3.57,10329,Bella Swan
99561,Looking for Alaska,M,2006.0,4.08,7200,Miles "Pudge" Halter
256683,"City of Bones (The Mortal Instruments, #1)",M,2007.0,4.12,8643,Clary Fray
439288,Speak,F,2001.0,4.0,2391,Melinda Sordino
693208,The Absolutely True Diary of a Part-Time Indian,M,2007.0,4.12,2558,Arnold Spirit Jr.
764347,"Unwind (Unwind, #1)",V,2007.0,4.18,2414,Connor Lassiter
2767052,"The Hunger Games (The Hunger Games, #1)",F,2008.0,4.34,18267,Katniss Everdeen
3236307,"Graceling (Graceling Realm, #1)",F,2008.0,4.1,3660,Katsa
6186357,"The Maze Runner (Maze Runner, #1)",M,2009.0,4.03,6898,Thomas
6304335,"Beautiful Creatures (Caster Chronicles, #1)",M,2009.0,3.76,4033,Ethan Wate
6339664,"Hush, Hush (Hush, Hush, #1)",F,2009.0,3.99,4118,Nora Grey
6442769,Paper Towns,M,2009.0,3.88,5113,Quentin "Q" Jacobsen
6482837,Before I Fall,F,2010.0,3.92,3342,Samantha "Sam" Kingston
6487308,"Fallen (Fallen, #1)",F,2009.0,3.74,3479,Luce Price
6567017,"Will Grayson, Will Grayson",M,2010.0,3.83,2822,Will Grayson
6936382,"Anna and the French Kiss (Anna and the French Kiss, #1)",F,2010.0,4.07,5210,Anna Oliphant
7171637,"Clockwork Angel (The Infernal Devices, #1)",F,2010.0,4.33,5017,Tessa Gray
7735333,"Matched (Matched, #1)",F,2010.0,3.68,5120,Cassia Reyes
7747374,"I Am Number Four (Lorien Legacies, #1)",M,2010.0,3.94,2041,Number Four (John Smith)
7824322,Between Shades of Gray,F,2011.0,4.36,2101,Lina Vilkas
7896527,"Throne of Glass (Throne of Glass, #1)",F,2012.0,4.23,5175,Celaena Sardothien
8306857,"Divergent (Divergent, #1)",F,2011.0,4.23,5271,Tris Prior
8490112,"Daughter of Smoke & Bone (Daughter of Smoke & Bone, #1)",F,2011.0,4.04,4888,Karou
10194157,"Shadow and Bone (The Grisha, #1)",F,2012.0,4.05,4663,Alina Starkov
10429045,"Shatter Me (Shatter Me, #1)",F,2011.0,4.01,4048,Juliette Ferrars
10507293,"The Selection (The Selection, #1)",F,2012.0,4.15,6852,America Singer
10576365,"The Darkest Minds (The Darkest Minds, #1)",F,2012.0,4.25,2740,Ruby Daly
11235712,"Cinder (The Lunar Chronicles, #1)",F,2012.0,4.15,9406,Linh Cinder
11387515,Wonder (Wonder #1),M,2012.0,4.43,4415,August "Auggie" Pullman
11614718,"Delirium (Delirium, #1)",F,2012.0,3.99,2448,Lena Haloway
11870085,The Fault in Our Stars,F,2012.0,4.26,20365,Hazel Grace Lancaster
12000020,"Aristotle and Dante Discover the Secrets of the Universe (Aristotle and Dante Discover the Secrets of the Universe, #1)",M,2012.0,4.34,4095,Aristotle "Ari" Mendoza
12578077,"Obsidian (Lux, #1)",F,2012.0,4.23,3763,Katy Swartz
13104080,"Unravel Me (Shatter Me, #2)",F,2013.0,4.28,2762,Juliette Ferrars
13262783,"Every Day (Every Day, #1)",V,2012.0,3.99,2973,"A" (main character without a specific name)
13335037,"Divergent (Divergent, #1)",F,2012.0,4.23,10511,Tris Prior
15717943,"Hopeless (Hopeless, #1)",F,2012.0,4.33,3950,Sky Davis
15745753,Eleanor & Park,V,2013.0,4.11,9409,Eleanor Douglas and Park Sheridan
15749186,"To All the Boys I've Loved Before (To All the Boys I've Loved Before, #1)",F,2015.0,4.11,3584,Lara Jean Covey
16068905,Fangirl,F,2013.0,4.12,8199,Cather "Cath" Avery
16101128,"The 5th Wave (The 5th Wave, #1)",F,2013.0,4.1,5306,Cassie Sullivan
16143347,We Were Liars,F,2014.0,3.85,7165,Cadence Sinclair Eastman
16151178,The Sea of Tranquility,M,2012.0,4.34,1467,Joshua Bennett
17675462,"The Raven Boys (The Raven Cycle, #1)",V,2012.0,4.05,3756,Blue Sargent
17878931,"Red Queen (Red Queen, #1)",F,2015.0,4.08,3337,Mare Barrow
18460392,All the Bright Places,V,2015.0,4.19,4395,Theodore "Theo" Finch and Violet Markey
18692431,"Everything, Everything",F,2015.0,4.1,5664,Madeline "Maddy" Whittier
18798983,"The Wrath and the Dawn (The Wrath and the Dawn, #1)",F,2015.0,4.19,3432,Shahrzad "Shazi" al-Khayzuran
20820994,I'll Give You the Sun,V,2014.0,4.13,3314,Noah and Jude Sweetwine
22328546,"Red Queen (Red Queen, #1)",F,2015.0,4.08,3588,Mare Barrow
23302416,Wonder,M,2013.0,4.43,1326,Auggie Pullman
23395680,"Illuminae (The Illuminae Files, #1)",V,2015.0,4.31,4197,Kady Grant and Ezra Mason
23437156,"Six of Crows (Six of Crows, #1)",M,2015.0,4.46,4647,Kaz Brekker
32075671,The Hate U Give,F,2017.0,4.6,2966,Starr Carter
